iter,accept,e,e_std,e_err95,e_var,e_var_std,e_var_err95
0,0.46757558083017403,-2.17032967032967,0.31080542235674835,0.6091674340189869,582.7350780532599,11.53557901009645,22.60931940060525
1,0.46388159813356666,-2.0364010989010994,0.29251753394994295,0.5733238313883607,584.0083753520316,10.940882081819323,21.44373483946548
2,0.46141732283464565,-3.0250686813186816,0.2633970836516351,0.5162487975900887,598.8175459932453,11.038788172956211,21.63562725196088
3,0.46023135996889275,-3.45260989010989,0.2742201916082952,0.5374616993859314,601.8724774503995,10.056968309927024,19.711295681117623
4,0.4530766987459901,-4.371909340659341,0.2890325735291132,0.5664934344759869,598.2779930761325,11.378009105878494,22.30048806329063
5,0.4463546223388743,-4.961881868131869,0.29211472867672733,0.5725343475600753,591.3152996340434,10.892633124644762,21.349168621111726
6,0.4368960824341402,-6.441964285714285,0.27623623812164844,0.5414130779432612,587.1770996860281,10.590877592130283,20.757738645247642
7,0.4279819189268008,-7.735920329670329,0.2756135964334941,0.5401927226592055,603.3233340571627,10.747675619620415,21.065057131975223
8,0.4168756683192379,-9.506868131868131,0.3115787804355476,0.6106831880005865,595.0322387680029,11.14349854763412,21.840855815137274
9,0.40288713910761154,-11.381181318681318,0.3008020495902191,0.5895611836726607,610.7703940110284,11.382598949966924,22.309483992398608
10,0.38350831146106734,-14.10782967032967,0.3356237569258436,0.657810475930679,639.0559379431758,12.211057035476125,23.933232002697647
11,0.3670360649363274,-16.94574175824176,0.3324042006433759,0.6515002615708426,605.5509847572785,11.765239092492786,23.05944489078857
12,0.3459998055798581,-19.645947802197806,0.3906369231968508,0.7656343004973667,647.3716302082311,12.763789089754306,25.01656692218372
13,0.32187226596675417,-23.220467032967033,0.3441142022844495,0.6744514430462518,617.354266848148,11.627798367778977,22.790066020340422
14,0.30361135413628854,-27.61504120879121,0.38042506780019597,0.7456194317045923,650.9366832662288,12.741461734464448,24.972806109945566
15,0.2830611451346359,-32.12534340659341,0.41174285576478015,0.8070011681906393,638.7482911693702,13.015097361632842,25.509122084082648
16,0.2617429765723729,-36.58447802197803,0.45215363286212956,0.8862048358887202,659.8002211325138,13.28948112612848,26.046904380436622
17,0.23911733255565276,-41.9996565934066,0.4631482190734171,0.9077538288877643,653.6007283661504,13.651056352300854,26.755578801436396
18,0.22403519004568873,-46.4478021978022,0.44584977272009574,0.8738494970467563,654.4776882153255,14.68065531391042,28.773555684710985
19,0.20369884320015555,-52.083104395604394,0.46070626872853315,0.9029676941597568,671.6301139614077,14.976746443632871,29.353883635108765
20,0.1865752891999611,-58.332074175824175,0.5051568230900605,0.9900891798011902,651.4777888472943,14.455830974894795,28.332908077392336
21,0.173665791776028,-63.57039835164835,0.4758777904294789,0.9327033302842783,605.9263808743705,14.695504947353124,28.802660431442305
22,0.16066394478467969,-67.95776098901099,0.48799955110749166,0.9564615446423971,617.1377316559009,15.214591762472773,29.820051893926422
23,0.14471177213959366,-73.97527472527473,0.48907062815420577,0.9585608170786243,598.8620967222367,14.771681610111225,28.951963946910638
24,0.13324098376591814,-77.83138736263734,0.5155009733352013,1.0103633417323372,625.6972514872741,15.93101591379985,31.224217428182165
25,0.11943229318557402,-83.22836538461539,0.45384546266710263,0.8895207613744388,563.7174086181329,14.21509188778791,27.86106813699179
26,0.11200544376397395,-87.91208791208791,0.53225654856972,1.0432036657322452,538.2451102288763,15.375595349527297,30.135613125935045
27,0.10090405365995918,-93.47458791208791,0.48248684544957304,0.9456568400955064,475.58146044209985,14.321425648109566,28.06947847756295
28,0.092082239720035,-97.06421703296704,0.5062524412511339,0.992236551937702,565.4801990869049,18.38847068423795,36.04074027187699
29,0.085962865752892,-100.43543956043956,0.49064139127979833,0.9616394562330293,555.8162086276473,17.736022991676016,34.76196629265934
30,0.07546903859239817,-104.27575549450549,0.48550662892504926,0.951575506948549,506.02282202063674,16.79834748460715,32.92415606961902
31,0.06849421600077768,-109.89800824175823,0.4752675245992673,0.931507231236068,393.2635412789009,13.459137423473026,26.379424612982348
32,0.06614173228346457,-114.6871565934066,0.451657088170161,0.8852316261757472,395.3428011243945,14.671360296820007,28.75533778597809
33,0.060338291046952465,-118.62912087912089,0.46080790927532306,0.9031669059708339,349.82653597651097,12.362461825344713,24.229979937926934
34,0.053878681831437736,-121.02403846153845,0.44671361356576383,0.8755425939926404,324.2233397222158,12.741962034112467,24.97378667923716
35,0.04924176144648586,-124.46497252747254,0.43285492103955114,0.8483800557684491,299.1536185953019,10.01194079036701,19.623043364466824
36,0.04611645766501409,-125.94677197802197,0.46739268326259387,0.9160728258322209,321.718408533968,15.427027751954595,30.236418782330922
37,0.04177602799650044,-128.07451923076925,0.43289250013043945,0.848453709433162,283.18180682953414,9.779793483448458,19.168043003798495
38,0.039423544279187324,-130.57108516483518,0.45587012504418506,0.8934890267143736,284.69818948533987,11.549911414545063,22.637410397136392
39,0.036643336249635464,-131.24416208791212,0.4152794054013236,0.8139326781078026,351.2704638504464,15.837055893159254,31.04005917173996
40,0.03338679887236318,-132.79739010989013,0.38143257237636835,0.7475941043881494,368.2409661046025,12.120091749670564,23.754943318675355
41,0.03067949839603383,-136.0264423076923,0.3610060959774371,0.7075589463151868,319.315318159474,11.680819374350959,22.893985283645566
42,0.029303975891902402,-136.33035714285714,0.38373651057196606,0.7521097402741271,331.78953990842103,10.557573191902481,20.692463220274444
43,0.026601535919121223,-138.16964285714286,0.33206232151529075,0.6508301907927297,330.0345930293483,12.577689205396894,24.65181785131612
44,0.024521240400505493,-138.80116758241758,0.37726799642798836,0.739431685518443,367.6068160180922,14.945259363749836,29.29217009255968
45,0.022805482648002334,-139.55597527472528,0.3284391430270183,0.6437288914461555,403.1271491370767,11.451901338414983,22.445314177799407
46,0.021352192087100222,-141.31456043956044,0.3811232011927125,0.7469877480103294,366.7486625373739,14.342360234288579,28.110509512505068
47,0.019092057937202294,-143.39526098901098,0.3512017669371935,0.6883428145037293,287.1001277693336,8.618074425474903,16.891115490016528
48,0.018985126859142606,-142.8492445054945,0.34518933549749586,0.6765586654224055,324.27041501067475,11.349806544252553,22.245212058232017
49,0.017979002624671916,-144.22355769230768,0.30924764957158146,0.6061142554639631,314.5068608339712,8.743151390028164,17.13626183583651
50,0.015762613006707494,-144.4539835164835,0.31929985681640305,0.6258162196289461,367.46976032902603,13.329147395888508,26.124648840567325
51,0.015111305531253038,-146.51339285714286,0.31087965225454595,0.6093129219452462,310.18762989286216,8.638529905938372,16.93120749501139
52,0.01357538641003208,-148.14732142857142,0.3679237215496438,0.7211172432952452,342.58025147929,11.714461789112804,22.95992320493174
53,0.013152522601341499,-148.39457417582415,0.29484600536637695,0.5778875515036024,313.92414949214395,9.345303126085891,18.316457551737926
54,0.012209584912996986,-149.59649725274724,0.2743849454502921,0.5377846109825598,281.58032500577457,6.900945745070504,13.525605119603117
55,0.01191795470010693,-150.87259615384616,0.2813244913360587,0.5513858709877255,404.3626507802332,10.549019517347038,20.6756983262103
56,0.010522990181782833,-149.3434065934066,0.2665164920970466,0.5223627257961653,443.4730057100187,8.437631594590714,16.537454040215067
57,0.01056673471371634,-149.46050824175822,0.2966224500023032,0.5813693190105471,424.8478214745073,9.982206192399833,19.56476462335638
58,0.009667541557305337,-150.7403846153846,0.2733590513382663,0.5357738954710377,427.9333189149624,9.970818370587546,19.542444902741934
59,0.009677262564401672,-152.4217032967033,0.25609461455892857,0.501936221170167,378.1986709871326,10.115785703095266,19.82657565339191
60,0.008447555166715272,-151.46565934065933,0.2769466851200527,0.5428055284730582,435.76395730753876,10.062915527823568,19.722952014003063
61,0.007956644308350346,-152.98592032967034,0.3136434445244169,0.6147298552549435,433.4223431483047,11.371460950621222,22.2876539148212
62,0.007737921648682804,-154.48798076923077,0.3091255055531528,0.6058748575869161,450.7141916594339,13.425671008715696,26.313831645366303
63,0.008311461067366578,-155.84375,0.2926075754674294,0.5735003095197475,336.03192399508583,8.859227440459444,17.363766714149477
64,0.00794692330125401,-154.49759615384613,0.3033035075856233,0.5944639512524927,360.8046070091524,9.625798456321437,18.866218296831267
65,0.006605424321959755,-156.4313186813187,0.2774289352113453,0.5437507212835329,338.0323365445742,7.429546923021911,14.561644390573322
66,0.0073393603577330616,-154.81524725274724,0.28118947174359504,0.5511212374492894,492.0176867615679,11.956862019430485,23.43501892619861
67,0.007067172159035676,-154.36263736263734,0.25882972068848137,0.5072969306779852,471.85330403861866,9.478792448866985,18.578091816709513
68,0.006503353747448236,-156.22733516483518,0.2658959798412933,0.5211465441229232,517.5186324941569,11.02887194225612,21.616191796926312
69,0.005643044619422572,-156.4052197802198,0.28041896941720706,0.5496110806395648,507.5974007954528,11.006177759955564,21.571712016958635
70,0.005502090016525712,-158.69093406593407,0.27766911760604013,0.5442214701268553,496.68903481078803,12.270760854551009,24.050249337823914
71,0.0051861572858948185,-158.08070054945057,0.2736270028596189,0.5362990708024914,506.6074749426397,13.106584307277254,25.68843320260127
72,0.00538543793136969,-159.2805631868132,0.27618693412307593,0.5413164438817654,429.301446368317,9.493850421186934,18.607604900136813
73,0.005356274910080685,-159.07520604395606,0.28242667686697465,0.553546114932602,465.99526040753557,11.009612328412473,21.57844364743661
74,0.006065908428113153,-159.85714285714286,0.26847354406994217,0.5261984771789137,421.37945615268296,9.897468144055518,19.398681100481305
75,0.005477787498784874,-159.96462912087912,0.25159600106596486,0.49311910074359216,437.67678180821287,9.605346383426427,18.82613297054786
76,0.0048556430446194225,-160.3760302197802,0.26813690835032683,0.5255386832925578,446.2627614920322,8.735131561426323,17.12054326061472
77,0.004879945562360261,-160.51167582417582,0.25994136171918386,0.509475707061899,430.0157162046523,11.077055381104577,21.710629601720573
78,0.004768153980752406,-160.44677197802199,0.23370268715458736,0.45804884991322276,435.98895887107676,8.664886058691138,16.98286460517785
79,0.004792456498493244,-160.14423076923075,0.2616383802635406,0.5128018022899349,513.74438746679,14.987329964325358,29.374626954495675
80,0.004486244774958686,-160.90315934065933,0.2666416136329032,0.5226079595001345,544.398512229806,13.11263773747588,25.700297707773505
81,0.00445708175366968,-160.9587912087912,0.24569309295831712,0.4815496134485531,531.0231009278212,11.645307003267833,22.824382315317017
82,0.004452221250121512,-161.44024725274724,0.23488860371601158,0.4603732036622838,493.41746763337676,12.517830827951286,24.534497587349726
83,0.004549431321084864,-161.83585164835162,0.25481794801789226,0.4994340007294685,498.26860983117234,16.615696480103217,32.56616667905125
84,0.004248080101098474,-161.9361263736264,0.2248259022333916,0.44065067116917084,520.1166207114009,12.257113886983534,24.02350177289348
85,0.004214056576261301,-161.86092032967034,0.24107384512423313,0.47249605405808387,509.0081306125887,16.26690304539445,31.882544108978045
86,0.003757169242733547,-161.93269230769232,0.2439963947609098,0.47822414608900077,505.46141602597646,14.757099565429048,28.923383664512617
87,0.003796053271118888,-162.68166208791212,0.23526597995292425,0.4611128474952539,504.89706949172484,12.96797764481174,25.41676913615156
88,0.003932147370467581,-162.56559065934064,0.2655958277061294,0.5205582567481191,486.1728148849153,19.644520907819352,38.50255347287002
89,0.0035287255759696703,-163.09100274725273,0.24484637731233252,0.4798900812772767,487.8648419166026,19.90462606097671,39.012350205251714
90,0.004068241469816273,-162.6493818681319,0.2456928145690096,0.4815490678155367,467.9093563155125,16.60806376302892,32.55120682848145
91,0.003878681831437737,-161.85576923076923,0.2888593378238998,0.5661538987329322,514.5067194987275,24.146679604376978,47.32662237080676
92,0.003980752405949257,-161.35885989010987,0.2549637325451521,0.4997197331524009,643.4027608879632,17.61152472206303,34.51795416808032
93,0.003519004568873335,-162.3746565934066,0.29550509899574334,0.5791793512796003,584.6512003231534,24.95291649257954,48.90681763469143
94,0.003902984349178575,-160.76133241758242,0.2365195056124139,0.4635697126415504,661.8956829536875,10.61064933335968,20.796490545968908
95,0.003732866724992709,-162.1153846153846,0.22022111939860614,0.4316254626563631,534.3949708161746,10.98954825351448,21.539118783253432
96,0.003543307086614173,-161.48076923076925,0.20865099760044728,0.4089484406352299,642.0413784517181,14.479197534604987,28.378705692866916
97,0.00363079615048119,-161.38873626373626,0.2484349978352045,0.48692364825628714,585.065112958969,15.871557908514278,31.10768187922985
98,0.003543307086614173,-160.07074175824178,0.24903541196316897,0.4881004383229065,604.8338195132652,12.960923983322456,25.40294421367343
99,0.003786332264022553,-161.8427197802198,0.23368481327953908,0.45801381776186395,574.8964647989372,16.69893425734616,32.72930972460059
100,0.004121707008846116,-161.01717032967034,0.2676996578458248,0.5246816880515118,609.1058770150929,19.136426642205826,37.50670701151618
101,0.004214056576261301,-161.09100274725273,0.24426529093527324,0.4787511729063337,662.2286964478523,20.302497068832235,39.792163051141195
102,0.003762029746281715,-160.14491758241758,0.23523872016382827,0.4610594192903996,667.3046364502409,14.161509041827816,27.75604768872085
103,0.0034217944979099833,-162.13049450549448,0.22491645995717327,0.44082816104630484,573.6653305347111,13.658314111935278,26.769803748928318
104,0.003907844852726742,-161.24553571428572,0.20869945162424328,0.4090434087767761,577.7444609586217,12.47202557735234,24.444720945872962
105,0.004204335569164965,-161.6098901098901,0.24005615314513948,0.470501414431705,619.6445954422978,14.84296419735722,29.091675250637625
106,0.00401477593078643,-160.7403846153846,0.2604349961347158,0.5104432127378712,591.227059265521,16.90686450777009,33.13684552672789
107,0.0034703995333916593,-160.63186813186812,0.21257071179061843,0.41663093927765593,653.4100694371672,14.11240469450338,27.65980493648061
108,0.0041119860017497815,-162.48076923076925,0.24089841087811978,0.4721522092540467,488.7238225338874,11.578762566874019,22.693957616613627
109,0.003723145717896374,-161.76133241758242,0.20739039238494272,0.40647769981411763,488.7080057804334,8.214949597620754,16.101005346148487
110,0.003820355788859726,-162.0212912087912,0.22345276778465803,0.4379593771037218,526.7555146596105,13.86882960651828,27.18240653649864
111,0.004199475065616798,-161.84443681318683,0.2338322747568626,0.4583028369465251,526.3988779147371,12.321197732934976,24.149103802949117
112,0.00377175075337805,-161.23832417582418,0.23487599163919795,0.4603484844459588,533.8486293925854,14.246240591906034,27.92211847522841
113,0.003728006221444542,-161.5934065934066,0.25046733203983373,0.49090695010190927,525.4244217182529,15.061040515120201,29.519096979334176
114,0.0041119860017497815,-161.4673763736264,0.2639162850719989,0.5172664136747237,540.9501338308156,20.55154323374349,40.28028456485508
115,0.003747448235637212,-161.57486263736266,0.26539033876612245,0.5201555058264842,513.1971320249293,14.579945599656597,28.57616827188017
116,0.004214056576261301,-162.02094780219778,0.267979922198559,0.5252309960890214,489.7417444013972,14.00995495368088,27.45900713424305
117,0.00405365995917177,-161.96359890109892,0.24058708114086805,0.47154201418171704,523.9838570381777,18.738205831448,36.7262085645365
118,0.0037523087391853798,-162.13049450549448,0.23618689652596905,0.46291781081118777,541.4998134011621,16.09088937400244,31.53756365226304
119,0.003334305434042967,-160.8341346153846,0.2768262639699491,0.5425695073558782,614.85702293738,21.937268820710774,42.99625680776658
120,0.003902984349178575,-161.36675824175822,0.2541652767869044,0.4981547886229869,642.8134920634922,18.429256986820253,36.120679956000856
121,0.003985612909497424,-161.1404532967033,0.23929100726221034,0.4690017560582448,626.0320128658665,15.180787355861588,29.75379647444975
122,0.003951589384660251,-160.99896978021977,0.26202383948822244,0.51355728848782,636.2043963431951,25.099047108938056,49.19322837979276
123,0.003757169242733547,-160.83825549450552,0.25336940604317093,0.49659491062892014,662.3992580845727,16.339485932634084,32.02480395386166
124,0.003557888597258676,-161.28949175824178,0.2323550727937239,0.45540757430088136,621.405942840321,15.42940392013207,30.241075986379983
125,0.003854379313696899,-160.82177197802199,0.2537900746324541,0.4974194059133425,615.0719659821809,17.52477846432759,34.347934627125234
126,0.004005054923690094,-160.65247252747253,0.25109352826867753,0.4921342721576979,610.1019154283391,19.46942835812595,38.159378381509654
127,0.004180033051424128,-160.73214285714286,0.23531639071146598,0.46121165076642906,666.9508944546407,15.079032796039996,29.554361201936704
128,0.003762029746281715,-160.72699175824178,0.22107144521472,0.4332920706310709,708.2843148013602,16.39276824688616,32.12923537080867
129,0.0033148634198502964,-160.43475274725276,0.23634627918573514,0.46323019508408947,701.5040839807324,16.067395480243842,31.491516466639577
130,0.0038835423349859047,-160.09958791208797,0.23690864018610963,0.4643324023911334,690.2426337260252,15.992579623742007,31.34488008242346
131,0.0038349372995042288,-160.05940934065936,0.23370769280566853,0.458058660809061,732.4941577389754,19.621429318180464,38.457294788832016
132,0.003922426363371245,-161.1569368131868,0.28615880829653406,0.5608609581201084,608.8707681554208,24.798171798490436,48.60352360747812
133,0.0041119860017497815,-159.7503434065934,0.285211073859828,0.5590034327572562,731.2110804682608,24.50505976660449,48.0290345815463
134,0.003698843200155536,-160.85679945054946,0.23902321515717243,0.4684768931770263,695.8873012879006,17.33551254253632,33.97698023691357
135,0.003951589384660251,-160.90487637362637,0.2616613754627704,0.5128468720522427,684.347433459259,18.345804632778364,35.95711634765367
136,0.0036696801788665308,-160.87259615384613,0.23212541183881186,0.4549574471005987,622.9266728387609,16.804268098931733,32.93576026046156
137,0.003679401185962866,-160.25,0.22048673784797085,0.4321460652507473,620.6124012101784,12.392481701279165,24.28881781357882
138,0.003941868377563915,-161.53468406593407,0.2300741859278669,0.45093711819099125,518.6065678272223,11.675761036295397,22.884071123235035
139,0.0032808398950131233,-161.61195054945054,0.23242848105925232,0.45555145185748463,542.6029719531218,13.638304647220236,26.73058591873691
140,0.00365023816467386,-161.9165521978022,0.20789764827059123,0.40747190308093467,593.3832124072508,12.168956407242506,23.850716287633244
141,0.003805774278215223,-161.28331043956047,0.23210864604211517,0.4549245867429011,513.1113817570485,13.79335679314431,27.034482540473746
142,0.004121707008846116,-162.1349587912088,0.23983131967324067,0.47006074892426425,552.7606372842387,18.744502166225402,36.73854915393481
143,0.003645377661125693,-161.09684065934067,0.2362994518430194,0.46313841517887494,606.3092356222976,17.644807194867003,34.58318661609255
144,0.003820355788859726,-161.38083791208788,0.2803461304108049,0.5494683188103469,608.2118431296752,24.31714240417218,47.660723319109216
145,0.003985612909497424,-161.3643543956044,0.2769328117156683,0.5427783371001218,600.3557708525241,22.83748370617579,44.76064556162486
146,0.003868960824341402,-161.95192307692307,0.2236412653329322,0.43832882550951324,534.7725163475664,11.325722952831176,22.19800908642774
147,0.004126567512394284,-161.6861263736264,0.2332482905607476,0.45715824895459917,498.50256988543697,10.986178008610583,21.532513224622715
148,0.0039272868669194124,-161.24519230769232,0.2258677867571066,0.4426927273117019,564.292464847285,13.694553492037375,26.840831628750486
149,0.004039078448527267,-161.75,0.2486116882919379,0.4872699551878965,525.9286531400668,17.26069332326609,33.830337261792515
150,0.003868960824341402,-161.13736263736266,0.2537581871213129,0.497356907539949,589.6819443044469,18.272759174665143,35.81394988051753
151,0.0040342179449791,-161.0618131868132,0.2709538520056077,0.5310597914033869,606.6198622667154,17.57434402547152,34.445081341840854
152,0.0041119860017497815,-161.12774725274727,0.265850507090953,0.521057419169978,599.335489588112,18.829836192453534,36.90580077199775
153,0.0036113541362885193,-162.0216346153846,0.24919726250203847,0.48841765954996913,586.9143859387367,19.296659284913833,37.82075722037155
154,0.003519004568873335,-161.37396978021977,0.23563623584529636,0.46183853570936695,603.0684371198232,15.751200937708179,30.871786551161556
155,0.0037523087391853798,-160.51991758241758,0.2915794182791197,0.5714851584602145,607.3917812817663,23.644460495135238,46.342291004345164
156,0.004320987654320987,-161.5309065934066,0.2292189801710752,0.4492609457083082,565.9729922369783,16.803860458915,32.93496130071011
157,0.003956449888208418,-161.52232142857142,0.22829258114063244,0.44744523697332755,558.9060545542814,11.66776145140918,22.868392224966783
158,0.003679401185962866,-161.03846153846152,0.20980675880805366,0.41121369097686694,540.6499489798691,12.925934404394912,25.334365899141222
159,0.004048799455623603,-161.9680631868132,0.2367436686449312,0.46400906411194964,543.0132456828885,13.633077776875655,26.72034144110967
160,0.003898123845630407,-161.72184065934064,0.22272535208832148,0.436533668537113,517.787284144427,11.324856522267012,22.196310913726872
161,0.004005054923690094,-161.63667582417582,0.24656754108876652,0.48326350029058235,530.736361415807,16.540922404770168,32.41961218442119
162,0.003980752405949257,-161.69368131868129,0.2465217176981048,0.48317368809523586,555.85397214618,15.881003782194687,31.12619545144597
163,0.00417517254787596,-161.55494505494502,0.2871465152605916,0.5627968281969405,568.8863001661454,25.105231449700067,49.20534946495442
164,0.003868960824341402,-160.96668956043956,0.2545053984969406,0.49882141492501797,611.0305056110501,19.593817644405053,38.40317690267934
165,0.003557888597258676,-161.49622252747253,0.2509511157516161,0.4918551487533098,598.0485510230139,19.387278730709088,37.99836807042922
166,0.003781471760474385,-160.96634615384613,0.2148154905130826,0.4210306247269476,608.9916919993094,14.208183666492397,27.847528272055353
167,0.003762029746281715,-160.84375,0.2633725474640406,0.5162007075460855,667.3012836799675,21.81163796371329,42.75002485270461
168,0.003625935646933022,-160.24622252747253,0.25416587996266055,0.49815597082574525,681.8234286318076,17.542871398497727,34.38339612647336
169,0.00377175075337805,-161.73248626373626,0.21830455189351922,0.4278690593724529,524.1953509153184,11.245464768963961,22.040705936583404
170,0.003737727228540877,-161.76373626373626,0.24740902417764735,0.48491277683838824,521.3974963597841,14.413813919324104,28.250556161737364
171,0.003849518810148731,-162.1346153846154,0.23714504678739387,0.464795750815358,537.0358009872245,16.801292343138158,32.929927886279366
172,0.004019636434334597,-162.09478021978023,0.2139604639254027,0.4193548034092707,491.59053533878705,13.953114732685874,27.347602348219535
173,0.004063380966268106,-161.95432692307693,0.23596989098240387,0.46249248776135443,530.8166940521461,15.720481699471792,30.811577950585733
174,0.00377175075337805,-161.72218406593407,0.24859006663748576,0.4872275775238841,503.431329375198,17.41429676511957,34.13139447572672
175,0.0034217944979099833,-161.57623626373626,0.24259348178942108,0.4754744871914388,594.0731761439803,14.479024970128014,28.37836747270704
176,0.003980752405949257,-161.79223901098902,0.28436936635094556,0.5573537163543296,529.5858782825566,23.060940763385606,45.198613345847406
177,0.004136288519490619,-161.1820054945055,0.27253098619123617,0.5341509176060056,516.2336086740432,19.977637894727383,39.15545076984826
178,0.004257801108194809,-161.1253434065934,0.29031118954051854,0.5689994758083976,571.1581141136586,25.856714384088754,50.67822895135272
179,0.004082822980460776,-160.6085164835165,0.24188483979268152,0.4740855743998967,679.4965988750955,16.129135834666243,31.61252533770022
180,0.003786332264022553,-160.74519230769232,0.24057378741743266,0.4715159589625632,664.6948469723195,15.576600665360697,30.529576305669607
181,0.004087683484008943,-160.592032967033,0.22775394265681803,0.44638952494436407,709.5151714197667,18.212387542446933,35.695623655681935
182,0.004068241469816273,-160.5686813186813,0.2161281170614849,0.4236033254869672,640.4310858832586,9.781064615015234,19.170534375888987
183,0.0037425877320890442,-161.4587912087912,0.23952497390338032,0.46946032224852174,575.8195161343264,14.307052581261358,28.041307784193076
184,0.003557888597258676,-160.0724587912088,0.23207712306536354,0.4548628028437824,652.6983746634097,11.685803530884515,22.903754050944645
185,0.003898123845630407,-161.28434065934067,0.25081625816493613,0.49159083274037507,568.6973879295308,16.093327834424976,31.542342946868935
186,0.00379119276757072,-161.86298076923077,0.25117554534279696,0.49229502266908937,560.5521302775924,15.573503423854083,30.52350582386522
187,0.003985612909497424,-161.4055631868132,0.25031517877004256,0.49060873517298853,551.5257814737711,13.911481550390562,27.266002810358934
188,0.003941868377563915,-161.31765109890108,0.25305166547686636,0.49597215056253585,556.8902981037721,18.10400749241341,35.483202660973575
189,0.004204335569164965,-161.37362637362637,0.24244614450460286,0.47518571141961513,482.5643746862528,14.899258947743096,29.20201093391261
190,0.003902984349178575,-160.7561813186813,0.21439042771193284,0.4201975169455263,658.0300262785278,13.365530733752824,26.195958872418736
191,0.004019636434334597,-161.61469780219778,0.23435889581592986,0.4593349952557973,581.7790391426754,15.743856204703677,30.85739113899667
192,0.003820355788859726,-161.62671703296704,0.26146429575961305,0.5124606029319704,588.5489604121595,23.333992546482367,45.7337850066315
193,0.004189754058520462,-160.3540521978022,0.274555536506173,0.5381189633081711,637.3825448887886,19.177688866901683,37.587579485842056
194,0.003737727228540877,-161.3440934065934,0.24879384651603315,0.487626978746611,625.9805317060562,21.133050976221547,41.420018796843266
195,0.004107125498201613,-161.94196428571428,0.20489244391814296,0.40158181078395305,534.7809791218882,11.061527210699186,21.680194946980208
196,0.003285700398561291,-161.07623626373626,0.2160053132327191,0.4233626344054226,532.6347250401946,9.722766875836594,19.056272906718746
197,0.003786332264022553,-161.7177197802198,0.23674961619021007,0.4640207210864926,549.7864926033009,15.84025304263855,31.046325469572565
198,0.003684261689511033,-161.46016483516482,0.22022596025222224,0.4316349505551051,545.7735803019269,12.359876576289716,24.224912942888075
199,0.003796053271118888,-160.99450549450552,0.2555750456477614,0.5009178848167927,586.5481638602269,13.885251704233298,27.21459325657067
200,0.004131428015942452,-160.83447802197801,0.2649029112885122,0.5192001655252928,581.7725552280997,19.919042932902055,39.04060675499512
201,0.0040779624769126084,-161.70947802197801,0.23681396365977475,0.4641468398093357,551.9842931239034,17.405494881643268,34.11414310111706
202,0.003980752405949257,-160.9842032967033,0.2191811891387164,0.42958723680054584,692.489044948835,12.688820736870772,24.869631650551703
203,0.004291824633031982,-160.8853021978022,0.19031656610155956,0.3730136152203933,626.4649560673536,10.8814355187591,21.327221716862756
204,0.004282103625935647,-160.65762362637363,0.2556198273968094,0.5010056554320914,640.3481617935289,21.32223537011135,41.79081339530432
205,0.003810634781763391,-160.3701923076923,0.2567288950948474,0.5031793881766626,567.3988461033916,15.847322712755147,31.06018176838368
206,0.003781471760474385,-160.90384615384616,0.25097730797877993,0.4919064845752258,664.3763330270574,16.52970709673727,32.39763058460119
207,0.004180033051424128,-160.40899725274724,0.20678720114377783,0.4052954667056444,705.7497084029303,12.610986273790504,24.717078906158363
208,0.004301545640128317,-161.9378434065934,0.21270245129618254,0.4168891439639027,494.9151259579581,11.123347860822673,21.801361194723093
209,0.003898123845630407,-162.28193681318683,0.24056526767597905,0.47149926057615654,495.45487611234364,10.989180002430114,21.538397024390807
210,0.0041946145620686305,-162.25446428571428,0.21030839966522988,0.41219688899010615,514.3830501278054,10.682540315782555,20.937394282330946
211,0.0036939826966073683,-161.50480769230768,0.23298657149691432,0.4566452890154184,563.7232047423106,17.0843178916303,33.48464776802866
212,0.003582191114999514,-161.4759615384615,0.24213259680608562,0.47457116922308595,556.4479113543799,14.877826653133281,29.16000440837132
213,0.003951589384660251,-162.1346153846154,0.2699186309852965,0.5290307954875383,566.368479048424,20.16831363401258,39.52916835157279
214,0.004005054923690094,-161.22802197802199,0.22624251877899906,0.443427188578465,639.7439803647345,14.1098960095635,27.654888004349885
215,0.0038592398172450667,-161.27472527472528,0.2185703089145848,0.4283899335623801,643.7416321052686,12.396984989593632,24.297644096487176
216,0.004082822980460776,-161.6459478021978,0.2329899829789218,0.4566519753972869,627.0352513994496,15.772926421898303,30.914367717720896
217,0.003713424710800039,-162.22149725274724,0.24694233223472034,0.4839980774383763,554.9959633897571,16.88096520882091,33.086083833562654
218,0.003557888597258676,-161.58550824175822,0.28692379405142254,0.562360302648376,578.7725574250924,18.23648837434796,35.7428604182054
219,0.003985612909497424,-161.2513736263736,0.26752337263463255,0.5243361753865681,510.05224540139625,18.16494962665187,35.60264704922197
220,0.0039467288811120835,-161.76888736263734,0.261360881325234,0.5122579143651058,518.8217640944914,19.1813903328946,37.594834225878174
221,0.003932147370467581,-160.54292582417585,0.2837113380658587,0.5560640046147507,625.035074073723,23.466632505609777,45.99375454943209
222,0.003990473413045591,-161.9752747252747,0.24734884426812612,0.48479482638313376,490.424876890786,11.24401196622602,22.037858495540398
223,0.004180033051424128,-161.78880494505498,0.22597568136039836,0.44290419684828,488.71195138527804,10.141973597601188,19.87790298345445
224,0.003810634781763391,-161.1239697802198,0.24045245314377545,0.47127814815610475,579.727082427507,13.78399303773009,27.016129917101832
225,0.004082822980460776,-161.3956043956044,0.23712433903881244,0.46475516437393755,553.2391033320105,15.37004065197991,30.124726118797152
226,0.0039953339165937594,-161.67307692307693,0.2254282217943864,0.44183119581590463,568.4378738144972,16.623752173956447,32.58195554887406
227,0.003810634781763391,-161.88907967032966,0.26174115340658205,0.5130032339488741,541.572897070462,16.66421903948832,32.66126914788376
228,0.003951589384660251,-161.08173076923077,0.2839095978710717,0.55645258669255,541.909537002569,19.26643904459061,37.76152663773388
229,0.004024496937882764,-161.38564560439562,0.25230986139859535,0.49451824128553973,548.3718541143617,17.266086534162735,33.840907760910966
230,0.003849518810148731,-161.84821428571428,0.2711060364010195,0.5313580673374031,530.9495000781214,18.29519538940972,35.857924053366304
231,0.003956449888208418,-161.60782967032966,0.259793658629309,0.5091862143253391,554.1810592005397,18.330072799756277,35.926282521519575
232,0.00417517254787596,-160.21016483516482,0.27054022151419505,0.5302490905373106,623.4585737134439,21.371019336011837,41.8864282114923
233,0.003625935646933022,-160.0772664835165,0.2764911396362773,0.5419126757315386,627.929510986017,17.55655883923776,34.410223017364345
234,0.004097404491105279,-161.20604395604394,0.23302112942314482,0.45671302130621055,612.4534308376717,15.912791336658703,31.188497913352045
235,0.0038349372995042288,-160.092032967033,0.26288589153769515,0.5152468794575854,661.8912600747016,16.28630046821525,31.920562359099705
236,0.003499562554680665,-159.89217032967034,0.25697541025371173,0.5036625490096799,753.8678029291166,22.038992914346416,43.19563236765242
237,0.003766890249829882,-159.41174450549448,0.24810990198873428,0.48628647210568193,785.6155499165613,20.241988398926598,39.67356823737372
238,0.004082822980460776,-159.72458791208788,0.24774376991427421,0.48556886642615527,800.1234132999869,14.689358481326366,28.79061357939766
239,0.004058520462719937,-160.28949175824178,0.22731813911544613,0.4455353656989401,719.8659708797695,19.698633423809007,38.60861205532259
240,0.004150870030135122,-160.1775412087912,0.2355200789233857,0.461610872325867,720.3563466656,18.38868558093487,36.04116146166334
241,0.004126567512394284,-158.7973901098901,0.2562676621426614,0.502275388201895,855.0265965996485,26.815368903070645,52.5571572821738
242,0.00365023816467386,-161.46016483516482,0.2344087067699577,0.45943262293172743,558.7003616042077,13.452198416251537,26.36582440873977
243,0.004063380966268106,-162.21153846153848,0.22939173846844432,0.44959954574918215,541.113557008537,13.397768061787657,26.259142874324812
244,0.003922426363371245,-161.4162087912088,0.25438579523846044,0.49858699684596325,554.1325570311584,15.625865352717295,30.626133318598164
245,0.003941868377563915,-161.30666208791212,0.23020782419648023,0.45119904438442965,579.1254905808477,12.192692642602575,23.897238454067544
246,0.0035627491008068434,-161.74793956043956,0.24197505653007204,0.4742623959559848,596.8583940063709,15.828935057338205,31.024142626006338
247,0.0038252162924078932,-161.47321428571428,0.2506605811956526,0.491285711487357,551.6767746350663,19.043411689984016,37.32440105513771
248,0.004009915427238262,-160.99622252747253,0.24435090302106383,0.47891896951112456,624.2212416149729,15.057577623973147,29.51230983740357
249,0.004262661611742977,-161.02575549450552,0.229970501319575,0.45073390009298797,635.6268589538444,13.56919036395229,26.595124412714437
250,0.003757169242733547,-160.9436813186813,0.2687127782206954,0.526667367498262,612.5848619689779,17.626578835642444,34.547459688515154
251,0.003975891902401088,-160.87225274725273,0.27978233605244013,0.548363302173265,653.83312935261,26.984567926206335,52.88878127373911
252,0.003679401185962866,-161.10714285714286,0.28668962921630264,0.5619013480050952,611.0253160370543,22.775478951152802,44.63911847490958
253,0.004048799455623603,-161.67857142857142,0.23376887217195183,0.4581785701635733,549.1601276540088,12.11092926570137,23.73698518008681
254,0.004068241469816273,-161.38324175824178,0.24564409158149414,0.4814535725147872,577.0743279226047,14.890178624499827,29.184213827387822
255,0.0038592398172450667,-161.40968406593407,0.23568061305312732,0.4619255134384501,566.1098794437331,17.625123994035405,34.54460825136214
256,0.004019636434334597,-161.26648351648353,0.21733512837181482,0.42596902418414634,551.6401053020684,12.955487323480101,25.39228855618622
257,0.0038252162924078932,-161.87774725274724,0.24334146922306957,0.47694051562227835,532.7268193844119,14.340106415294798,28.106092108449584
258,0.0041119860017497815,-161.71256868131871,0.243725653588587,0.4776935031421159,555.7374117793074,17.572874040518958,34.442200224276014
259,0.004087683484008943,-161.50171703296704,0.27882860234103685,0.5464940184480728,602.6745169790249,22.608089533445472,44.31104124481008
260,0.004048799455623603,-162.08653846153842,0.2346545875963529,0.459914540495951,522.4585240212114,17.476975906702155,34.25424333581048
261,0.004306406143676485,-160.04945054945054,0.2649909700256699,0.519372757478646,670.0088613379073,18.562145275393267,36.381136215571125
262,0.0039127053562749104,-161.45020604395606,0.2276058798647959,0.44609932720455026,607.2763235141482,14.81522140899668,29.037300384620245
263,0.003621075143384855,-161.1181318681319,0.2761573594556188,0.5412584785986946,560.4834093922506,16.550224574120882,32.43784410132668
264,0.00379119276757072,-161.04189560439562,0.2513679591626823,0.49267214682619237,556.4131743908217,19.18326691529257,37.598512259792216
265,0.004102264994653446,-160.67685439560435,0.22912694218464816,0.4490805545697016,622.0408227373138,11.456288140023839,22.453912150960086
266,0.004301545640128317,-161.14148351648353,0.22269913081328396,0.4364822757824108,579.2713523849887,13.713294244441204,26.877562828505173
267,0.003830076795956061,-160.52747252747253,0.27944280615252437,0.5476978357977556,708.1326644412309,23.26824406983575,45.60492036036576
268,0.004267522115291144,-160.83962912087915,0.23297815899398916,0.4566288008126652,640.4134478436426,15.365887333239288,30.11658576364922
269,0.00377175075337805,-161.27266483516482,0.21956222017999996,0.43033404391845337,550.5191343649136,10.936950053699139,21.436028205963723
270,0.003873821327889569,-161.58070054945054,0.25371906345037043,0.4972802265539588,584.7698640714375,16.47457512052702,32.28957389683258
271,0.0038835423349859047,-160.4361263736264,0.2541093329720298,0.4980451407606749,580.4367963732349,17.547449879466473,34.392369784276
272,0.0041605910372314574,-161.22767857142858,0.2419785362296289,0.4742692160417933,533.1933578686826,14.172370749842216,27.777336245239663
273,0.0038835423349859047,-161.5412087912088,0.2467050557953878,0.4835330241629046,600.9328767580516,18.116244429156307,35.50718661627075
274,0.0039127053562749104,-160.62293956043953,0.24278433285265819,0.4758485484017947,576.7823032639466,16.67656351800145,32.68546388117743
275,0.003689122193059201,-161.43475274725276,0.24968728555085257,0.4893780870772393,580.7948868342226,17.710043048967915,34.711046540631045
276,0.003937007874015748,-161.0831043956044,0.2575669044842398,0.5048218563985781,616.0510694627827,18.783084566963407,36.81416926981839
277,0.003868960824341402,-161.5683379120879,0.21974316093811105,0.4306886812876865,659.9126802130048,14.46575763261765,28.35236396901599
278,0.003902984349178575,-160.46188186813188,0.2622822121567739,0.5140636896127704,550.8691578637258,15.733882687177859,30.83784340384689
279,0.004024496937882764,-160.64800824175822,0.27157481871941,0.5322768637980377,602.8908025734949,16.952072524083906,33.225451610515464
280,0.0040779624769126084,-161.79395604395606,0.22613534599386442,0.44321713377947825,564.7006814225845,12.642114489162797,24.778089087191066
281,0.003898123845630407,-161.13186813186812,0.23304507605165933,0.45675995583565016,574.749095310284,15.286941028022676,29.961853848712156
282,0.003441236512102654,-160.42925824175828,0.25975632475846033,0.5091130412830722,592.3539550553786,19.949691629012158,39.10067709554403
283,0.004330708661417323,-160.6456043956044,0.2580761941502526,0.5058200458016617,576.98028127661,15.033352078652625,29.464828641069502
284,0.003781471760474385,-161.16929945054946,0.2244934291461627,0.4399990358923733,566.6698290470769,14.134467759598248,27.703047749455113
285,0.003878681831437737,-160.79807692307693,0.23203906012276085,0.4547882008471355,584.4841353562632,14.877189651215641,29.158755907554664
286,0.003567609604355011,-161.8447802197802,0.21781409369161406,0.4269077789607965,618.5391385448828,15.486674287022863,30.353323842867333
287,0.003932147370467581,-160.58207417582418,0.24067071867390452,0.4717059407342243,606.4044927350371,16.273899422525258,31.896256756176687
288,0.003868960824341402,-161.32383241758242,0.22768221782835765,0.4462489468637844,532.0867576479465,10.54138536948261,20.660735671343367
289,0.003966170895304754,-161.76785714285714,0.22506359880179497,0.4411165478824902,538.5587562897754,11.479554020706193,22.499512439166107
290,0.003854379313696899,-161.40968406593404,0.23003042917648955,0.45085135653421116,574.6298015795393,16.31801235233643,31.982716509859134
291,0.003640517157577525,-162.10576923076923,0.21533287917267893,0.4220446878657658,514.4478106669666,12.21749223482604,23.945844761656815
292,0.004423058228832507,-162.35096153846158,0.22050892245225123,0.4321895462761481,488.5650263822091,12.974926419146046,25.4303884835835
293,0.003888402838534072,-161.83585164835168,0.2533364414848936,0.4965303012819303,547.2959706238927,18.343835547503794,35.95325701143302
294,0.004009915427238262,-162.6243131868132,0.24875142945025308,0.4875438428253522,479.34705282507485,17.10768193221254,33.53044044610318
295,0.0038835423349859047,-161.60061813186817,0.2292277775735106,0.4492781883002391,588.1754716936412,12.159729862039216,23.832632591333063
296,0.0040779624769126084,-161.66483516483518,0.2384271557604825,0.4673086382268674,549.5054290808537,12.908166772279658,25.299541980104767
297,0.003907844852726742,-160.69848901098902,0.2701839449925687,0.5295508013863858,636.6771398209959,18.089284700398025,35.45434651887155
298,0.0033877709730728103,-161.8746565934066,0.25781661615772744,0.5053112822851331,578.2206486556512,15.632302584094814,30.638750060258257
299,0.003922426363371245,-161.9694368131868,0.23588515661473503,0.4623264114524707,546.6529740101167,16.275442847339015,31.899281813224498
300,0.0037766112569262177,-162.38701923076925,0.23319787775338985,0.4570594416678184,476.981188565292,14.659476444179589,28.73204586280529
301,0.003971031398852921,-161.6878434065934,0.24461006646063263,0.479426920518789,576.926413746094,14.087052301811893,27.610115159883378
302,0.004082822980460776,-161.47424450549448,0.24644245852242452,0.48301834296545815,570.6546385751554,15.323102481058195,30.03272899429041
303,0.004165451540779625,-161.10267857142858,0.2514658694772615,0.49286404751648266,585.1607327349086,13.352718053493378,26.170846480564794
304,0.0037766112569262177,-162.1462912087912,0.21879212120561928,0.428824677664136,552.5317756946129,12.084986436633097,23.686138169455912
305,0.003873821327889569,-161.63804945054946,0.2470755813682631,0.4842592409410913,553.0425220384012,13.287632283545197,26.0432807155603
306,0.004107125498201613,-161.74690934065933,0.26091373082897035,0.5113815154967598,569.3439523139199,15.416247913069995,30.21529068635796
307,0.00401477593078643,-162.23832417582418,0.23778944507862027,0.4660587482578609,578.4863698849712,15.837517984158142,31.040964853455357
308,0.004024496937882764,-161.39800824175822,0.2728764627702535,0.5348280392583817,527.6005807240823,15.911763661709182,31.186483707463168
309,0.003907844852726742,-161.94642857142858,0.2377984510861429,0.46607639970824977,590.8716975942251,14.794727448877966,28.997132960886965
310,0.0036599591717701952,-160.80425824175822,0.22202931453685587,0.43516946000435297,621.7076009654681,14.274668388558064,27.977835932826217
311,0.003543307086614173,-162.50721153846152,0.21322695832858626,0.417917158857052,550.0144974281463,11.971464708524232,23.46363967089979
312,0.004306406143676485,-161.68440934065933,0.2534402918470501,0.49673384425153844,527.4046983513766,14.206517495319401,27.844262636564203
313,0.003873821327889569,-162.62156593406596,0.22059126621940114,0.4323509370941133,533.9475574652897,14.469834194638292,28.360353883757192
314,0.003645377661125693,-161.58001373626374,0.22518899341933954,0.4413623168167327,555.8528081628106,15.491579983779284,30.36293883182899
315,0.0040779624769126084,-161.92342032967034,0.25092902832608244,0.49181185819475265,587.2528895929246,14.816059278008675,29.03894257770752
316,0.0039272868669194124,-161.20741758241758,0.254854376517819,0.4995053992773357,585.5261701335627,13.835155520395029,27.116406540484764
317,0.003868960824341402,-162.08619505494508,0.2574134501439235,0.5045210914182868,554.3909224378131,16.892522992842505,33.10873667398607
318,0.003932147370467581,-161.67273351648353,0.25282664372144364,0.49553111602616934,563.8787413330372,16.32448607729444,31.99540477762265
319,0.0041605910372314574,-162.53125,0.21536692965696558,0.4221114255886238,526.2859013558315,13.564910461254124,26.586735957568695
320,0.0036113541362885193,-162.42067307692307,0.23413959165491108,0.4589051669985407,527.4701237476588,15.826974463117589,31.020299931945633
321,0.004019636434334597,-162.20776098901098,0.22234707915048132,0.43579226720262015,479.34282544378704,10.095404577507725,19.786629381275944
322,0.0035870516185476813,-161.9690934065934,0.2874939292030067,0.5634777470118012,517.7398495887506,14.224525076281026,27.879556846697675
323,0.003878681831437737,-161.9158653846154,0.2400484993154681,0.47048641320120527,534.2923784160672,15.982491982796077,31.325108669480468
324,0.003762029746281715,-162.2809065934066,0.22736672285193257,0.4456305880726879,539.3066749961105,14.945931041861382,29.293486557467514
325,0.003655098668222028,-162.4835164835165,0.23365998338096958,0.45796515205492794,496.72832182247765,17.16902384627353,33.65066838840547
326,0.004189754058520462,-160.51991758241758,0.25104450997343747,0.4920381980644438,588.8365931299247,17.31329469623579,33.933434058350485
327,0.0034315155050063184,-162.28125,0.22370494466763083,0.43845363471208204,547.5826906471261,16.46943569855813,32.2795008148722
328,0.003557888597258676,-161.59375,0.24745589372848095,0.4850046394699937,569.9765195954006,12.939985844653373,25.36190621597872
329,0.003854379313696899,-162.27815934065933,0.22743499020058494,0.4457643896173666,536.5343216834225,12.492195378816572,24.48425303031818
330,0.003475260036939827,-161.85267857142858,0.2195271873607468,0.4302653808544403,531.8385393189338,11.83650631603571,23.199126082210867
331,0.003888402838534072,-162.4842032967033,0.2302637468179904,0.4513086507085106,571.7114620588645,14.12962448566868,27.693555106985897
332,0.003902984349178575,-161.98214285714286,0.23224226121309263,0.45518646766580506,537.6681140898174,16.215289588262056,31.781383591880953
333,0.004291824633031982,-162.15178571428572,0.24959409219610088,0.4891954314583275,587.4139194970865,15.321278649560796,30.029154350241637
334,0.003868960824341402,-161.21222527472528,0.2683238396954681,0.5259050619966164,580.5002901139266,15.59202853788913,30.55981438018341
335,0.003625935646933022,-161.80048076923077,0.2383282828128883,0.4671148508105374,537.3229024347281,15.27491604904749,29.93828532300594
336,0.003723145717896374,-162.04635989010987,0.22149201373819485,0.43411636979011275,566.5363165874529,14.28051775062983,27.989300471819412
337,0.00377175075337805,-162.4526098901099,0.18985752718909685,0.37211391548446393,556.1319469602437,11.03483573593397,21.627880617746126
338,0.004092543987557111,-162.32005494505492,0.2256899483439179,0.4423441704267843,549.3531968226024,13.69691161152332,26.845453458014177
339,0.003698843200155536,-161.970467032967,0.2096715238507587,0.41094863533111803,547.4141844114372,11.328619373227482,22.203685966088585
340,0.003839797803052396,-162.45844780219778,0.23126764391872226,0.4532762528701293,524.8901062169044,13.457552499558037,26.376318219190736
341,0.004121707008846116,-161.77094780219775,0.25498730192722363,0.499765928292399,531.3791933244357,16.992554563262658,33.304794949326556
342,0.003698843200155536,-162.71737637362637,0.25044809309669064,0.4908692424662482,511.8029420282792,16.815251926668452,32.95728816723792
343,0.004024496937882764,-162.24759615384616,0.24749491155318096,0.4850811130011608,527.3358648580303,12.114346172744396,23.74368219482966
344,0.0044425002430251775,-162.46428571428572,0.21522741884258131,0.42183798941697676,539.9180008996443,13.59137668768977,26.638608808189243
345,0.003854379313696899,-163.2431318681319,0.20739158650136172,0.4064800402392922,497.3010089172676,13.101808142208421,25.67907209108214
346,0.004199475065616798,-162.8688186813187,0.2260946032598609,0.44313727948819964,518.5506412363305,14.870883951698561,29.146396963603856
347,0.003985612909497424,-162.03537087912088,0.2514703339615991,0.4928727977449939,515.8532945229374,12.944885433846684,25.371509234336653
348,0.003625935646933022,-161.8118131868132,0.23210979428379028,0.45492683725522987,579.768324734983,14.834175116475398,29.074448968652042
349,0.004170312044327792,-161.64663461538458,0.2301229154944373,0.4510326263864515,539.0976518763731,12.973352205665083,25.427303081856834
350,0.003810634781763391,-161.50686813186817,0.23939306883246134,0.46920179306014237,534.8730043959814,14.846315685380878,29.09824404645861
351,0.003757169242733547,-162.43406593406593,0.21465341620734096,0.4207129649248746,504.8830765748848,9.82522887021886,19.25709472549213
352,0.00389326334208224,-162.28605769230768,0.22257809804335107,0.43624505591239315,500.5535693979126,12.31562079719535,24.138173209755358
353,0.004087683484008943,-162.60611263736266,0.21220536954555522,0.41591488163530105,517.2920328367381,11.884111362178727,23.292430258133546
354,0.003878681831437737,-162.35061813186817,0.2214284968675739,0.43399187901128505,546.8295806618734,14.027952481446997,27.494281640475396
355,0.004058520462719937,-162.0367445054945,0.2336925746049541,0.4580290296801497,531.838593190304,13.273465192895443,26.01551372812107
356,0.003917565859823078,-161.19436813186812,0.262396724096027,0.5142881288895063,586.6994921356809,16.006430242056755,31.37202679548398
357,0.003786332264022553,-162.66483516483518,0.25627082813024493,0.5022815934235342,504.2874676799503,17.15000942556383,33.61340080862757
358,0.004000194420141927,-161.87053571428572,0.21896066503113734,0.42915501749196805,598.8983214033163,16.277354606811002,31.9030287929367
359,0.00377175075337805,-162.2716346153846,0.21689185277117878,0.42510021997167435,508.11731494030437,10.064197196776506,19.725464038990925
360,0.004005054923690094,-162.3028846153846,0.24612055722586038,0.4823874280176157,523.6900097349647,16.658447043744612,32.64995624410717
361,0.003689122193059201,-161.14182692307693,0.23885209090660145,0.4681414958090258,537.7818516467993,12.856552569428066,25.1983800014249
362,0.0038252162924078932,-161.61229395604394,0.23648890967682362,0.46350974570972014,520.8410058417551,16.768326722927966,32.865316457939365
363,0.0041119860017497815,-162.84546703296704,0.2550280067067267,0.4998457081942237,507.8456469853823,16.233970126732142,31.817996774494137
364,0.004126567512394284,-162.1813186813187,0.24531117259183657,0.48080106328528893,539.1594334736193,15.431367427579657,30.24492439026063
365,0.003703703703703704,-162.3440934065934,0.24058568905972047,0.47153928575280424,523.8711589359692,13.886285806569033,27.21662005990504
366,0.003961310391756586,-162.36710164835162,0.2373961707940552,0.46528794482406766,537.0384684621074,15.278231609888618,29.9447837028431
367,0.003519004568873335,-161.91517857142858,0.21109266704202587,0.41373402480287597,536.4721620163053,12.394234987576558,24.292254191576298
368,0.004252940604646641,-162.50652472527472,0.2324226664844142,0.45554005550021653,495.98113885226763,13.724135839147639,26.898811963664766
369,0.0038009137746670557,-162.2513736263736,0.25137749201375265,0.4926908308709603,502.516492997512,14.176404063384373,27.78524139452065
370,0.003766890249829882,-161.76751373626374,0.24637978333796898,0.4828955018612009,589.6953560370146,14.936816897312033,29.2756231624009
371,0.00379119276757072,-162.01339285714286,0.21653869201548673,0.424408037609765,534.9783783136056,11.721407862821398,22.973537259234547
372,0.004048799455623603,-161.65899725274724,0.2348185559511753,0.46023591256600715,555.5011505588428,13.688772662277811,26.82950141062098
373,0.004141149023038787,-162.24519230769232,0.24686897872736366,0.4838543072058175,534.2176054326404,13.39553633188994,26.254768764102067
374,0.004019636434334597,-162.1040521978022,0.2306312443132103,0.45202893256355037,531.9111484863234,13.377323597473879,26.219072460586595
375,0.00407310197336444,-161.63907967032966,0.22842108715021184,0.4476971041239001,540.479645818994,13.132838033877528,25.739889561197767
376,0.0039272868669194124,-162.3430631868132,0.20838635334468192,0.4084297474252144,564.9429739494051,11.670632745790439,22.87401985854306
377,0.003951589384660251,-161.97802197802199,0.2261948718448479,0.443333802303555,537.6966836859444,11.809767259458095,23.146718494338163
378,0.004102264994653446,-161.53537087912088,0.24935903636468645,0.4887347304943991,545.1485262365007,13.988121926203094,27.416215186713114
379,0.003917565859823078,-162.75789835164838,0.21684732853959512,0.42501295408133105,497.8564599181482,11.359244890704408,22.26371087735126
380,0.00407310197336444,-161.69677197802199,0.23754616373942558,0.46558192559492867,503.7715712110068,14.977406930307804,29.355178165203903
381,0.0037425877320890442,-161.70157967032966,0.23765622940096262,0.46579765032747583,539.7122950379069,12.683004432619034,24.85823190369517
382,0.004126567512394284,-162.49141483516482,0.2627191155262652,0.5149200044816975,520.6280395705971,15.650633551291524,30.67467809576559
383,0.003922426363371245,-161.4787087912088,0.22640398498155795,0.44374365652020087,540.7528166139555,11.338106910908062,22.222281198244488
384,0.003985612909497424,-162.33585164835162,0.2556423122028735,0.5010497248421764,541.0782039583238,17.31020958706137,33.92738735548024
385,0.003873821327889569,-161.55803571428572,0.24240433887476803,0.4751037738907879,533.9022301028419,12.555590248183947,24.608504691082853
386,0.004233498590453971,-162.05460164835162,0.22452998757339246,0.4400706890930751,540.6263354388979,13.030663823736235,25.53963178917201
387,0.003796053271118888,-162.25137362637363,0.24293701837089418,0.4761478065184981,542.8232999517965,14.214236529582168,27.859391665714657
388,0.0038835423349859047,-161.7819368131868,0.22681943884003458,0.44455793112005326,533.2714512496606,14.130618877938957,27.695504080022147
389,0.0043258481578691554,-161.95089285714286,0.2327819633285467,0.45624426437447513,504.635989010989,12.764627573033673,25.01821031921292
390,0.003971031398852921,-162.03846153846158,0.22053557525466091,0.43224178480895814,513.5920329670329,11.866971341941262,23.25883643577383
391,0.004024496937882764,-162.38633241758242,0.22644511992174268,0.44382427952146913,550.0732804145016,13.977019753366331,27.39445532780292
392,0.004150870030135122,-162.5096153846154,0.21626402592560784,0.4238697019658279,498.93766696451513,12.8132633077246,25.11353460756878
393,0.0040293574414309325,-161.81833791208788,0.20651520057557968,0.4047623553882016,530.7464512954024,13.327378703411814,26.12118226701328
394,0.004141149023038787,-162.64388736263734,0.24049264644705715,0.4713569255829566,539.5643013954077,18.72582165614517,36.70193602696472
395,0.00379119276757072,-162.15728021978023,0.24444822764353988,0.4791097222659866,523.3846510493613,13.290804942370773,26.049499012593664
396,0.003708564207251871,-162.13633241758245,0.21251350719270315,0.4165188203259919,551.2119774581063,12.679528505582184,24.851419211890054
397,0.003917565859823078,-162.16929945054946,0.250070397874174,0.49012897343298273,577.66561959519,19.137817436115593,37.50943291748924
398,0.0044425002430251775,-162.28880494505498,0.22193151058729582,0.4349777677856695,524.1404948351127,15.213317645138575,29.817554669839314
399,0.003961310391756586,-161.81043956043956,0.22071656225658606,0.4325965128144013,557.48060774834,12.598775465354276,24.69314616140124
